Compound,Type,Source,11,13,14,15,16,18,19,21,23,25,28,3,31,32,34,35,4,40,41,42,43,44,46,5,6,8
"Phenol, 3,4-dimethyl-",Aromatic,Aromatic,4.5745529034781603E-3,5.5482772945767659E-4,5.5477552542849001E-3,3.7765270440293058E-3,2.8833712376510616E-3,1.6489993017200489E-3,2.4212484994941322E-3,5.753419572762198E-3,1.8448061400993274E-3,3.2247064944964663E-3,1.165548188693286E-3,2.21212964406992E-3,3.77328084804487E-3,2.2999792838745356E-3,2.2075682799196578E-3,1.4567317697333582E-3,2.3233895465416591E-3,0.00000,0.00000,0.00000,0.00000,1.6440804319287953E-3,0.00000,5.1514309462265587E-4,7.837583039085374E-4,1.2559536713429786E-3
2H-1-Benzopyran-2-one,Aromatic,Aromatic,3.5747537122025208E-4,0.00000,0.00000,0.00000,0.00000,0.00000,0.00000,0.00000,0.00000,0.00000,0.00000,0.00000,0.00000,0.00000,0.00000,0.00000,5.8325089306287159E-4,0.00000,0.00000,0.00000,0.00000,0.00000,0.00000,3.3388904281098065E-4,2.9404301988383055E-4,1.1039699159012084E-3
Benzaldehyde,Aromatic,Aromatic,0.00000,7.7415806625891447E-3,0.00000,0.00000,1.0668473579308928E-2,0.00000,4.0406549634415066E-3,0.00000,0.00000,0.00000,2.4954685578433174E-3,1.4647458428948686E-3,0.00000,4.4368394696019404E-3,7.6930409754775953E-4,0.00000,0.00000,1.172973040304599E-2,7.7635937771441225E-3,0.00000,4.7871709337328622E-3,6.2213294425222665E-3,2.7877398330300252E-3,6.364333999703182E-4,2.1812645838655063E-3,0.00000
"Phenol, 2,4-bis(1,1-dimethylethyl)-",Aromatic,Aromatic,0.00000,0.00000,0.00000,0.00000,7.4246809369514835E-4,0.00000,1.0062331426469121E-3,0.00000,0.00000,0.00000,6.4702867397973445E-4,0.00000,0.00000,8.6453122017978985E-4,0.00000,0.00000,0.00000,5.8337243243467669E-4,8.4225407798338241E-4,0.00000,7.2704296313464518E-4,0.00000,2.7785393715348762E-4,0.00000,0.00000,0.00000
Benzofuran,Aromatic,Aromatic,0.00000,0.00000,0.00000,1.2552963132266427E-4,0.00000,0.00000,1.6901572317897353E-4,0.00000,0.00000,0.00000,0.00000,0.00000,0.00000,0.00000,0.00000,0.00000,0.00000,0.00000,0.00000,0.00000,0.00000,0.00000,1.5364770696898157E-4,0.00000,0.00000,0.00000
"Benzene, (1-methylethyl)-",Aromatic,Aromatic,4.838650803060404E-4,0.00000,2.1541815615042434E-4,2.2020876003213134E-4,0.00000,0.00000,0.00000,0.00000,0.00000,0.00000,0.00000,0.00000,0.00000,0.00000,0.00000,0.00000,3.4290025031718277E-4,0.00000,0.00000,0.00000,0.00000,0.00000,0.00000,0.00000,0.00000,0.00000
"Benzene, 1,2,3-trimethyl-",Aromatic,Aromatic,5.4611672806471228E-4,0.00000,2.1984455661926868E-4,2.8190976525852566E-4,0.00000,0.00000,0.00000,0.00000,0.00000,0.00000,0.00000,0.00000,0.00000,0.00000,0.00000,0.00000,3.3969557508057359E-4,0.00000,0.00000,0.00000,0.00000,0.00000,0.00000,0.00000,0.00000,0.00000
"Benzene, propyl-",Aromatic,Aromatic,0.00000,0.00000,4.0722884313367891E-4,1.1170009566847242E-4,0.00000,0.00000,0.00000,5.3822312132291526E-4,0.00000,0.00000,0.00000,0.00000,0.00000,0.00000,0.00000,0.00000,2.916254465314358E-4,0.00000,0.00000,0.00000,0.00000,0.00000,0.00000,0.00000,0.00000,0.00000
"Benzene, 1-ethenyl-3-methyl-",Aromatic,Aromatic,1.2544650230156601E-4,0.00000,0.00000,0.00000,0.00000,0.00000,0.00000,4.9491781271072672E-4,0.00000,0.00000,0.00000,0.00000,0.00000,0.00000,0.00000,0.00000,0.00000,0.00000,0.00000,0.00000,0.00000,0.00000,0.00000,0.00000,0.00000,0.00000
Acetophenone,Aromatic,Aromatic,0.00000,0.00000,0.00000,0.00000,2.3139054182149771E-4,0.00000,0.00000,0.00000,0.00000,0.00000,0.00000,0.00000,0.00000,0.00000,0.00000,0.00000,0.00000,0.00000,0.00000,0.00000,0.00000,0.00000,0.00000,0.00000,0.00000,0.00000
m-xylene,Aromatic,Aromatic,1.2261688194889911E-3,0.00000,0.00000,5.0850138790028401E-4,0.00000,0.00000,0.00000,0.00000,0.00000,0.00000,0.00000,0.00000,0.00000,0.00000,0.00000,0.00000,0.00000,0.00000,0.00000,0.00000,0.00000,0.00000,0.00000,0.00000,0.00000,0.00000
Biphenyl,Aromatic,Aromatic,0.00000,0.00000,1.3854633467482772E-3,0.00000,0.00000,0.00000,0.00000,0.00000,0.00000,0.00000,0.00000,0.00000,0.00000,0.00000,0.00000,0.00000,0.00000,0.00000,0.00000,0.00000,0.00000,0.00000,0.00000,0.00000,0.00000,0.00000
Naphthalene,Aromatic,Aromatic,1.4525384477023437E-4,5.0021187483918657E-5,9.0298569564424449E-4,0.00000,0.00000,0.00000,0.00000,0.00000,0.00000,0.00000,0.00000,0.00000,0.00000,0.00000,0.00000,0.00000,0.00000,0.00000,0.00000,0.00000,0.00000,0.00000,0.00000,0.00000,0.00000,0.00000
"Naphthalene, 1,2-dihydro-4-methyl-",Aromatic,Aromatic,4.2349984611581313E-4,0.00000,0.00000,0.00000,0.00000,0.00000,0.00000,0.00000,0.00000,0.00000,0.00000,0.00000,0.00000,0.00000,0.00000,0.00000,0.00000,0.00000,0.00000,0.00000,0.00000,0.00000,0.00000,0.00000,0.00000,0.00000
"Phenol, 2,6-dimethoxy-4-(2-propenyl)- (Methoxyeugenol)",Aromatic,Lignin,0.27542,0.12310,0.10446,0.22659,6.7831308365741222E-2,8.2857125407414786E-2,6.1317332130046205E-2,6.68139047159481E-2,6.5024850086669361E-2,7.1983770780372727E-2,7.576063226506359E-2,0.13273,4.3235509717180806E-2,5.8722875332966856E-2,4.6827205937689714E-2,4.1620907706667383E-2,0.12514,4.9825403481965271E-2,5.9185421696129573E-2,5.1801420838971574E-2,4.5664368272783216E-2,4.0519321441211308E-2,3.4409725991855752E-2,0.19352,0.31650,0.22380
"1,2-Benzenediol, 4-methyl- (Homocatechol)",Aromatic,Lignin,2.942805166773579E-2,1.1963472916431152E-2,2.9066696412077805E-2,3.8509937744749541E-2,1.1749737793428077E-3,2.5447520088272356E-2,1.1791794640393499E-3,4.0830719548634944E-3,1.3571197644493072E-3,2.2885013831910406E-3,1.0534762474727778E-2,3.3181944661048797E-2,2.6530880962815492E-3,2.3815388329481001E-3,5.2011646595076788E-3,9.7252814047262392E-3,3.0925116033278636E-2,2.6781154371556333E-3,5.8586378966411657E-3,9.6504687802049099E-3,9.9468306721077638E-3,2.4204019444971359E-3,9.2924661101000843E-4,3.9248997685535691E-2,5.1644646765050962E-2,4.9436474297542769E-2
"2-Propanone, 1-(4-hydroxy-3-methoxyphenyl)- (Guaiacylacetone)",Aromatic,Lignin,3.0937182522491471E-2,1.3437234072803105E-2,1.5197308276365555E-2,3.691422209234279E-2,1.0452220736485097E-2,8.1228484121765362E-3,5.6207554452542361E-3,9.3209521393853526E-3,6.3015655280620579E-3,5.4507942036004786E-3,9.3841572115305576E-3,1.6748981590815108E-2,2.8103081316167523E-3,3.1971343236837512E-3,3.6625564644121597E-3,3.5027496584819086E-3,1.0927942556837321E-2,5.159005318861821E-3,6.2180635344719131E-3,5.0895273535665952E-3,4.2629274309033266E-3,2.8686245268114202E-3,3.5513781371273589E-3,2.630227969898746E-2,4.6191485305387192E-2,3.2400932478794928E-2
"Phenol, 2,6-dimethoxy- (Syringol)",Aromatic,Lignin,3.6596423227825282E-2,5.3575552625756896E-2,2.3459922484874982E-2,2.4786783134051502E-2,5.5216559201017833E-2,1.9971213765276146E-2,5.1805284453462115E-2,2.1652654306094289E-2,1.3534666829837639E-2,1.2545148491492705E-2,2.8391558442528761E-2,1.4394643612483552E-2,9.1777195626924699E-3,1.6801267109154409E-2,1.3579889721930017E-2,1.2898360507115734E-2,3.1726284842430931E-2,2.7819183610763944E-2,2.2164580999562696E-2,8.3063502803015655E-3,1.6279140351022417E-2,1.0273261586643399E-2,3.569779060117656E-2,1.4718374132075883E-2,1.0232697091957302E-2,2.3048085990070615E-2
"Phenol, 2-methoxy-4-(1Z)-1-propen-1-yl- (cis-Isoeugenol)",Aromatic,Lignin,2.4617697068202056E-2,4.481967752025294E-2,3.9247417490419781E-2,2.7446309221396081E-2,7.6409337797753135E-2,2.1986657356267317E-2,4.174295302699299E-2,2.0580332378554382E-2,2.593687840535688E-2,1.955628454726889E-2,4.736907382253483E-2,2.6545555728839043E-2,1.5053818383345678E-2,1.8595577188772836E-2,3.0772163901910381E-2,1.3331053111987028E-2,3.0764882271448177E-2,5.4704140906241039E-2,4.3849927815351061E-2,1.8576019717765319E-2,3.6421127564999302E-2,2.4024730412045645E-2,2.9625486014378487E-2,2.0578467536513503E-2,1.5931785440978452E-2,1.8705692977448615E-2
"Benzaldehyde, 4-hydroxy-3,5-dimethoxy- (Syringaldehyde)",Aromatic,Lignin,2.942805166773579E-2,2.2019725512851543E-2,3.9985150901893834E-2,3.5318506439936045E-2,7.6409337797753128E-3,2.9519123302395932E-2,4.756023838292045E-3,1.8332580645826501E-2,2.4658299892416753E-2,1.6081923356424312E-2,2.6897265892921983E-2,5.9569491129597134E-2,9.6100746598642775E-3,1.6475028912860148E-2,1.6891242141809502E-2,2.2664850731353527E-2,6.217069959021819E-2,1.1937336250887512E-2,1.4377025513229856E-2,2.703339454861782E-2,1.7934646149431473E-2,1.8466770391348517E-2,5.5754796660600504E-3,5.8464652802412538E-2,2.9725076191892682E-2,1.8371662745708464E-2
"Ethanone, 1-(4-hydroxy-3,5-dimethoxyphenyl)- (Acetosyringone)",Aromatic,Lignin,3.0276937773535864E-2,1.5691221723724919E-2,1.8885975333735833E-2,1.9574112002856123E-2,2.8617459533686784E-3,1.1889081385240845E-2,1.2735138211624982E-3,6.1039863567656288E-3,6.0093190108186003E-3,3.4951657488735892E-3,1.4076235817295838E-2,4.9140879950410367E-2,1.4817988330342875E-3,1.941117267950849E-3,6.0039167612966453E-3,3.6675849365281152E-3,4.3743816979715369E-2,2.5327913436665678E-3,4.1333948350535839E-3,5.0593224434564077E-3,4.0835809694090121E-3,3.4961361420514179E-3,8.8232425738475053E-4,4.2519747492663656E-2,2.0422624290113319E-2,1.4296493918478585E-2
"Benzeneacetic acid, 4-hydroxy-3-methoxy- (Homovanillic acid)",Aromatic,Lignin,6.8854095248227967E-3,9.6227934327815789E-3,4.4264004688443354E-3,1.4148678784673175E-2,9.1547036795421206E-4,8.6521568300126017E-4,2.6963903744366472E-4,0.00000,1.8265407327716112E-3,0.00000,6.2162570063641915E-3,3.1443842797851007E-2,0.00000,0.00000,1.7392962205427609E-4,7.2527522340331283E-4,1.7946181325011433E-2,1.0380292392076099E-3,2.0247644264465379E-3,1.8273970616663443E-3,1.8210563782499651E-3,0.00000,3.6893850595545876E-4,2.8073935844515112E-2,1.6252559644488088E-2,1.3595030431824263E-2
"Ethanone, 1-(4-hydroxy-3-methoxyphenyl)-  (Acetovanillone)",Aromatic,Lignin,1.7166363472845877E-2,1.2396932080069962E-2,1.9033522016030643E-2,2.4680402090557718E-2,4.5629349835828049E-3,7.7971201550466494E-3,2.5706112316057832E-3,8.063036032078922E-3,5.2787027177099563E-3,4.3065435120049579E-3,5.6484258375136169E-3,2.1963287180408492E-2,2.69239310511535E-3,1.8269338992478578E-3,3.2611804135176761E-3,2.8021997267855267E-3,1.6504077468537305E-2,4.5880892372976356E-3,3.4984095415525984E-3,4.0927653199304068E-3,4.9803132768805863E-3,2.5100464609599921E-3,1.9136959909909082E-3,2.2622686165968485E-2,3.3253592430498649E-2,1.2776656364060885E-2
"Benzaldehyde, 4-hydroxy-3-methoxy- (Vanillin)",Aromatic,Lignin,1.8675494327601558E-2,6.3718497054905052E-3,3.2902910151742897E-2,2.9893073221753098E-2,1.3479760536018712E-2,1.3823092911949544E-2,6.226067570127768E-3,1.5507424798269435E-2,1.413742527165227E-2,1.075595650099789E-2,1.2522171565704791E-2,2.117324087895495E-2,6.4067164399095192E-3,4.6162704775637832E-3,8.194761039095699E-3,8.4065991803565793E-3,1.9708752705146486E-2,1.0100024497490043E-2,9.8482624765624527E-3,9.0312681229460651E-3,1.0953930032806609E-2,8.1217931915348335E-3,0.00000,1.3764405438330225E-2,2.2133420042164693E-2,1.0388340207118787E-2
"Phenol, 4-ethyl-2-methoxy- (Ethylguaiacol)",Aromatic,Lignin,2.1127831966579543E-3,1.014294442914815E-2,1.184799858827334E-3,1.9893255133337472E-3,3.5249213380284224E-3,2.4836779606153821E-3,3.1995069457601034E-3,1.0455138793514101E-3,6.520750415994652E-4,8.4258460017488316E-4,5.1553092961433801E-3,2.5755509427385498E-3,5.2668711837292981E-4,1.875869628691997E-3,1.1288701431407342E-3,8.0151153949968362E-4,2.1631557847112E-3,1.5570438588114147E-3,3.9896245799212852E-3,9.2124975836071902E-4,1.8900357865170091E-3,1.1564142623708537E-3,1.1040553794178318E-3,4.2247185008736331E-3,2.031569955561011E-3,6.1461562640188309E-3
Ethylphenol,Aromatic,Lignin,5.0272921599048646E-3,1.7685133876463443E-4,4.2050804454021188E-3,3.7126984179330362E-3,0.00000,0.00000,0.00000,0.00000,0.00000,0.00000,0.00000,1.2071907486210136E-3,0.00000,0.00000,0.00000,0.00000,5.7844388020795784E-3,1.069170116383838E-3,1.2819514415963289E-3,1.2187681229460659E-3,1.0167564778562304E-3,1.2675734627847961E-3,1.6836844536121933E-3,8.4358088775508995E-4,0.00000,1.7035541818747847E-3
"Benzoic acid, 4-hydroxy-3-methoxy-Vanillic acid)",Aromatic,Lignin,4.4896642928981525E-4,1.6124680887363729E-4,0.00000,0.00000,0.00000,4.1326772623354301E-4,0.00000,0.00000,0.00000,0.00000,0.00000,0.00000,0.00000,0.00000,8.6463090963519933E-4,0.00000,0.00000,3.3839753198168081E-4,0.00000,0.00000,0.00000,0.00000,4.296615518234395E-4,0.00000,0.00000,1.5365390660047077E-3
"Phenol, 2-methoxy- (Guaiacol)",Aromatic,Lignin,5.9799310119693875E-4,7.0220384509487199E-2,0.00000,0.00000,0.00000,0.00000,0.00000,0.00000,4.164512870719274E-3,3.9736705835408071E-3,0.00000,0.00000,4.4414659982194822E-3,2.1205482759126919E-2,6.4220168143117318E-3,3.2142879219010452E-3,0.00000,0.00000,0.00000,3.5339744828919383E-3,2.5660339875340419E-2,0.00000,0.00000,0.00000,1.0446546560963724E-2,0.00000
"Phenol, 2-methoxy-4-(2-propenyl)- (4-Eugenol)",Aromatic,Lignin,3.4332726945691758E-3,8.6691832727761979E-3,4.6919844969749956E-3,4.4467276180401409E-3,2.6527015386389768E-2,1.9014387009957103E-3,1.084845106916202E-2,8.3929812405527401E-4,7.8541251509179288E-4,0.00000,7.0231749831518508E-3,1.8645092714303611E-3,0.00000,2.8382723077600646E-3,2.5086003180905202E-3,0.00000,1.7946181325011435E-3,8.0654871886431286E-3,1.0171745550610125E-2,1.4015078291127006E-3,5.4355773714430773E-3,2.8327667202262771E-3,7.9491987318083875E-3,3.9794122653390345E-3,1.0136464830904411E-2,0.00000
"Phenol, 4-ethyl-2,6-dimethoxy- (Ethylsyringol)",Aromatic,Lignin,1.5091308547556817E-2,6.8659931520387478E-3,8.0412941850672107E-3,1.3297630436722909E-2,2.1985705687089345E-3,1.0626884388862535E-3,4.0563773562953638E-3,1.6394152546042821E-3,0.00000,0.00000,1.7483222830399288E-3,5.1669028115061705E-3,0.00000,1.043962228141633E-3,9.2149251684525105E-4,0.00000,8.4282958722821568E-3,6.7160491776732353E-4,1.7372239161819411E-3,0.00000,0.00000,0.00000,1.9780992214569484E-3,6.4597308690777485E-3,7.0035701099603262E-3,0.00000
"Phenol, 2-methoxy-4-propyl- (4-Guaiacylpropane)",Aromatic,Lignin,0.00000,1.7251674712824635E-3,6.0346593058577779E-4,1.0084922923210653E-3,1.5570204683315733E-3,0.00000,8.4900921410833205E-4,0.00000,0.00000,0.00000,5.902455570946768E-4,0.00000,0.00000,0.00000,0.00000,0.00000,4.8230362310968235E-4,3.498158536129645E-4,3.785950051817196E-4,0.00000,0.00000,2.3666152346194216E-4,4.8670441309336081E-4,1.0302861892453117E-3,0.00000,0.00000
"Phenol, 2-methoxy-4-methyl- (4-Methylguaiacol)",Aromatic,Lignin,0.00000,9.6227934327815787E-4,0.00000,6.8934916183971558E-4,9.3709565223659491E-4,0.00000,3.9227370170375711E-4,2.5570753656720878E-4,0.00000,0.00000,0.00000,0.00000,0.00000,4.4368394696019402E-4,0.00000,0.00000,0.00000,0.00000,4.588667309639196E-4,0.00000,0.00000,0.00000,3.7721892130109251E-4,0.00000,0.00000,0.00000
"Phenol, 2-Methoxy-4-vinyl- (Vinylguaiacol)",Aromatic,Lignin,6.1968685723405169E-4,1.6471448218274775E-4,0.00000,5.0318233572559483E-3,0.00000,0.00000,3.1051725886369552E-4,0.00000,0.00000,0.00000,0.00000,6.63638893220976E-5,0.00000,0.00000,0.00000,0.00000,0.00000,0.00000,0.00000,0.00000,0.00000,0.00000,0.00000,0.00000,0.00000,0.00000
"Benzoic acid, methyl ester",Aromatic,Lignin,0.00000,5.2882017963934803E-5,0.00000,0.00000,1.665146889743488E-4,0.00000,0.00000,0.00000,0.00000,0.00000,0.00000,0.00000,0.00000,0.00000,0.00000,0.00000,0.00000,0.00000,0.00000,0.00000,0.00000,0.00000,0.00000,0.00000,0.00000,0.00000
"Ethanone, 1-(3,4-dimethoxyphenyl)-",Aromatic,Lignin+TMAH,0.15374,9.7094852655093405E-2,6.7576380491023519E-2,0.12021,8.8663665557770138E-2,4.7027017123127311E-2,8.8831519624297708E-2,4.5161250409853811E-2,2.9589959870900101E-2,3.0998791463224096E-2,5.409339029576532E-2,8.3744907954075548E-2,2.1224704770252394E-2,5.611296976261277E-2,2.5420483223317275E-2,2.5549468097162156E-2,6.2010465828387734E-2,5.2524279503905057E-2,5.4273271312442709E-2,2.5372124492557508E-2,4.0146015611419679E-2,3.3527049157108468E-2,5.1154565913026202E-2,0.13342,6.3834066498417025E-2,7.7662028879585773E-2
"Benzaldehyde 3,4-dimethoxy",Aromatic,Lignin+TMAH,1.6506118723890267E-2,0.00000,8.941328947065558E-3,2.7978214438864998E-2,0.00000,4.8859238569482922E-3,0.00000,5.9183921769991061E-3,0.00000,1.6019509682337284E-3,6.0219989749153106E-3,1.1503074149163585E-2,0.00000,0.00000,0.00000,0.00000,1.5654838530835869E-2,0.00000,0.00000,2.5976222694761258E-3,0.00000,0.00000,0.00000,1.4445811648148552E-2,1.7963355396539465E-2,2.2547040642460388E-2
"Benzoic acid, 4-hydroxy-3-methoxy-, methyl ester
(Vanillic Acid, methyl est",Aromatic,Lignin+TMAH,0.00000,0.00000,8.9708382835245208E-4,6.3722245052776178E-5,0.00000,0.00000,0.00000,0.00000,0.00000,0.00000,9.3841572115305574E-4,0.00000,4.7952110777236889E-4,0.00000,0.00000,0.00000,0.00000,0.00000,0.00000,8.3969650106321275E-4,5.2424350282953547E-4,0.00000,0.00000,0.00000,0.00000,6.162857775605839E-3
"Benzene, 4-ethenyl-1,2-dimethoxy-",Aromatic,Lignin+TMAH,0.00000,0.00000,0.00000,0.00000,5.0603165220776132E-4,0.00000,5.2748628024693598E-4,0.00000,0.00000,0.00000,0.00000,0.00000,0.00000,0.00000,0.00000,0.00000,0.00000,0.00000,0.00000,0.00000,0.00000,0.00000,1.6560830691267478E-4,0.00000,0.00000,0.00000
"Benzene, 1-ethenyl-4-methoxy-",Aromatic,Lignin+TMAH,3.6502102549403048E-4,0.00000,0.00000,1.7020966959005321E-4,0.00000,0.00000,0.00000,0.00000,0.00000,0.00000,0.00000,0.00000,0.00000,0.00000,0.00000,0.00000,2.0029220228807407E-4,0.00000,0.00000,0.00000,0.00000,0.00000,0.00000,0.00000,0.00000,0.00000
"Ethanone, 1-(3,4,5-trimethoxyphenyl)-",Aromatic,Lignin+TMAH,0.00000,0.00000,0.00000,0.00000,0.00000,2.0765176392030244E-4,0.00000,0.00000,0.00000,0.00000,0.00000,0.00000,0.00000,0.00000,0.00000,0.00000,0.00000,0.00000,0.00000,0.00000,0.00000,0.00000,0.00000,0.00000,0.00000,0.00000
"Benzene, 1,2-dimethoxy-",Aromatic,Lignin+TMAH,0.00000,0.00000,0.00000,0.00000,2.7031605352978699E-4,0.00000,0.00000,0.00000,0.00000,0.00000,0.00000,0.00000,0.00000,0.00000,0.00000,0.00000,0.00000,0.00000,0.00000,0.00000,0.00000,0.00000,0.00000,0.00000,0.00000,0.00000
"Benzene, 1,2-dimethoxy-4-(1-propen-1-yl)- (Methylisoeugenol)",Aromatic,Lignin+TMAH,0.00000,0.00000,0.00000,0.00000,2.5950341138859556E-4,0.00000,0.00000,0.00000,0.00000,0.00000,0.00000,0.00000,0.00000,0.00000,0.00000,0.00000,0.00000,0.00000,0.00000,0.00000,0.00000,0.00000,0.00000,0.00000,0.00000,0.00000
"3,4-Dimethoxyphenylacetone",Aromatic,Lignin+TMAH,0.00000,0.00000,4.6182111558275908E-4,0.00000,0.00000,0.00000,0.00000,0.00000,0.00000,0.00000,0.00000,0.00000,0.00000,0.00000,0.00000,0.00000,0.00000,0.00000,0.00000,0.00000,0.00000,0.00000,0.00000,0.00000,0.00000,0.00000
"Hexadecanoic acid, methyl ester (Palmitic acid-C16)",FAME,Lipid,9.7150298774897004E-2,8.1403630931368501E-2,0.24345,0.15106,0.13912,0.44177,0.33725,0.45574,0.51326,0.58461,0.28093,0.25281,0.64657,0.44042,0.57865,0.65522,0.29002,0.44635,0.30671,0.55426,0.44837,0.45360,0.47474,0.22486,0.13793,0.27557
"2-Butenedioic acid, 2-methyl-, (E)-",FAME,Lipid,0.00000,5.1061489476651803E-3,0.00000,0.00000,2.6959521072037426E-3,6.9420834800806982E-3,8.6473160696219006E-3,0.00000,6.758200711254961E-3,4.8474620207592037E-3,0.00000,3.6342129866862977E-3,4.6379910423884861E-3,1.4044554350467907E-2,4.5489285768041433E-3,5.0686847999208791E-3,0.00000,4.4012439742402659E-4,9.6206262392696459E-3,5.2103469940073454E-3,7.7118978442555341E-3,8.462442354093689E-3,2.9165462939621054E-3,3.9794122653390345E-3,3.8920603359168839E-3,6.4133804494109544E-3
"1,3-Butadiene",Aliphatic,Lipid,7.6682711557273062E-4,3.3983198429282692E-3,1.7853148557672154E-3,0.00000,4.6638529769005921E-3,0.00000,1.5093497139703682E-3,1.6291044668394752E-3,0.00000,0.00000,0.00000,0.00000,0.00000,0.00000,0.00000,0.00000,9.9665399858545642E-4,3.9029899394206129E-3,4.9241312382812263E-3,0.00000,0.00000,0.00000,6.1367078172641139E-3,0.00000,1.9032602741571574E-4,6.4634849841719774E-4
" Hepta-2,4-dienoic acid, methyl ester",FAME,Lipid,0.00000,0.00000,0.00000,0.00000,0.00000,0.00000,0.00000,0.00000,0.00000,0.00000,0.00000,0.00000,0.00000,0.00000,0.00000,0.00000,0.00000,0.00000,0.00000,0.00000,0.00000,0.00000,0.00000,0.00000,1.2082494998862854E-4,1.3210895665323087E-4
"2-Pentenedioic acid, dimethyl ester",FAME,Lipid,0.00000,0.00000,0.00000,0.00000,0.00000,0.00000,0.00000,0.00000,0.00000,0.00000,0.00000,0.00000,0.00000,0.00000,0.00000,0.00000,0.00000,0.00000,0.00000,0.00000,0.00000,0.00000,0.00000,0.00000,8.8640604903161997E-4,0.00000
Propene,Aliphatic,Lipid,0.00000,6.181127673489429E-3,0.00000,0.00000,1.3840181940725095E-2,0.00000,7.6568053198288464E-4,0.00000,0.00000,0.00000,0.00000,0.00000,0.00000,0.00000,0.00000,0.00000,0.00000,0.00000,2.3482475004942098E-3,0.00000,0.00000,0.00000,1.9596982984666513E-3,0.00000,5.6777034021205091E-4,0.00000
n-Pentacosane (C25),Aliphatic,Lipid,0.00000,0.00000,0.00000,0.00000,0.00000,0.00000,0.00000,0.00000,0.00000,0.00000,0.00000,0.00000,0.00000,0.00000,0.00000,2.2664850731353523E-3,0.00000,0.00000,0.00000,0.00000,0.00000,0.00000,0.00000,2.3167811133823152E-3,0.00000,0.00000
1-Hexadecene,Aliphatic,Lipid,0.00000,0.00000,0.00000,0.00000,0.00000,0.00000,1.9102707317437471E-3,0.00000,0.00000,0.00000,0.00000,0.00000,0.00000,0.00000,0.00000,0.00000,0.00000,8.8336288256567587E-4,5.6549633685370776E-4,0.00000,0.00000,0.00000,1.1132558409129802E-2,0.00000,0.00000,0.00000
7-Tetradecene,Aliphatic,Lipid,0.00000,0.00000,0.00000,0.00000,0.00000,0.00000,1.7137408210705222E-3,0.00000,0.00000,0.00000,0.00000,0.00000,0.00000,0.00000,0.00000,0.00000,0.00000,5.4911746754082562E-4,0.00000,0.00000,0.00000,0.00000,9.7524891848575126E-3,0.00000,0.00000,0.00000
Dodecene,Aliphatic,Lipid,0.00000,0.00000,0.00000,0.00000,0.00000,0.00000,1.3285421961510011E-3,0.00000,0.00000,0.00000,0.00000,0.00000,0.00000,0.00000,0.00000,0.00000,0.00000,0.00000,0.00000,0.00000,0.00000,0.00000,7.5627793490121477E-3,0.00000,0.00000,0.00000
3-Decene,Aliphatic,Lipid,0.00000,0.00000,0.00000,0.00000,0.00000,0.00000,9.4334357123148011E-4,0.00000,0.00000,1.2961239652072892E-3,0.00000,0.00000,9.6493796686980787E-4,0.00000,2.0068802544724162E-3,0.00000,0.00000,0.00000,0.00000,0.00000,0.00000,0.00000,5.2442630522347008E-3,0.00000,0.00000,0.00000
1-Heptene,Aliphatic,Lipid,0.00000,0.00000,0.00000,0.00000,0.00000,0.00000,0.00000,0.00000,0.00000,0.00000,0.00000,0.00000,0.00000,0.00000,0.00000,0.00000,0.00000,0.00000,0.00000,0.00000,0.00000,0.00000,1.9965001444472454E-3,0.00000,0.00000,0.00000
Isocrotonic acid,FAME,Lipid,0.00000,0.00000,0.00000,0.00000,4.9738153849480807E-4,0.00000,1.0534003212084862E-3,0.00000,0.00000,0.00000,0.00000,0.00000,0.00000,0.00000,0.00000,0.00000,0.00000,0.00000,0.00000,0.00000,0.00000,0.00000,5.9434981258659945E-4,0.00000,0.00000,0.00000
"1-Hexene, 3-methyl-",Aliphatic,Lipid,0.00000,0.00000,0.00000,0.00000,0.00000,0.00000,0.00000,0.00000,0.00000,0.00000,0.00000,0.00000,0.00000,0.00000,0.00000,0.00000,0.00000,1.6089453207717953E-3,0.00000,0.00000,0.00000,0.00000,2.1713089128550691E-4,0.00000,0.00000,0.00000
"1-Pentene, 3-ethyl-2-methyl-",Aliphatic,Lipid,0.00000,5.9990748247611288E-4,0.00000,0.00000,0.00000,0.00000,0.00000,0.00000,0.00000,0.00000,0.00000,0.00000,0.00000,3.4255010610897336E-3,0.00000,0.00000,0.00000,3.5292994133058735E-3,0.00000,0.00000,2.2901163544658651E-3,2.7610511070559917E-3,0.00000,0.00000,0.00000,0.00000
n-Tricosane (C23),Aliphatic,Lipid,0.00000,0.00000,0.00000,0.00000,0.00000,0.00000,0.00000,0.00000,0.00000,0.00000,0.00000,0.00000,0.00000,0.00000,0.00000,3.0082438243432858E-3,0.00000,0.00000,7.1046467744544204E-4,0.00000,0.00000,0.00000,0.00000,0.00000,0.00000,0.00000
"9-Octadecenoic acid, methyl ester, (E)-",FAME,Lipid,0.00000,0.00000,0.00000,0.00000,0.00000,0.00000,0.00000,0.00000,0.00000,0.00000,0.00000,0.00000,0.00000,0.00000,0.00000,0.00000,1.4629342455120929E-2,0.00000,0.00000,0.00000,0.00000,0.00000,0.00000,0.00000,0.00000,0.00000
"1-Butyne, 3,3-dimethyl-",Aliphatic,Lipid,3.9426043580492178E-4,0.00000,1.1006982499192915E-4,1.9680493046349902E-4,0.00000,0.00000,0.00000,0.00000,0.00000,0.00000,0.00000,0.00000,0.00000,0.00000,0.00000,0.00000,3.6853765221005625E-4,0.00000,0.00000,0.00000,0.00000,0.00000,0.00000,0.00000,0.00000,0.00000
n-Octane,Aliphatic,Lipid,0.00000,0.00000,0.00000,0.00000,0.00000,0.00000,0.00000,7.7330908236051036E-4,0.00000,0.00000,0.00000,0.00000,0.00000,0.00000,0.00000,0.00000,0.00000,0.00000,0.00000,0.00000,0.00000,0.00000,0.00000,0.00000,0.00000,0.00000
C14_alkene_#3,other,Lipid,0.00000,0.00000,0.00000,0.00000,0.00000,0.00000,3.5375383921180503E-4,0.00000,0.00000,0.00000,0.00000,0.00000,0.00000,0.00000,0.00000,0.00000,0.00000,0.00000,0.00000,0.00000,0.00000,0.00000,0.00000,0.00000,0.00000,0.00000
Nonanedioic acid (Azelaic Acid),FAME,Lipid,0.00000,0.00000,0.00000,0.00000,3.9934691641467203E-4,0.00000,0.00000,0.00000,0.00000,0.00000,0.00000,0.00000,0.00000,0.00000,0.00000,0.00000,0.00000,0.00000,0.00000,0.00000,0.00000,0.00000,0.00000,0.00000,0.00000,0.00000
" Pentanoic acid, 4-oxo-, methyl ester",FAME,Lipid,0.00000,6.9180082516754054E-4,0.00000,0.00000,0.00000,0.00000,0.00000,0.00000,0.00000,0.00000,0.00000,0.00000,0.00000,0.00000,0.00000,0.00000,0.00000,0.00000,0.00000,0.00000,0.00000,0.00000,0.00000,0.00000,0.00000,0.00000
"Hex-2-yn-4-one, 2-methyl-",Aliphatic,Lipid,2.895644827562464E-4,0.00000,0.00000,0.00000,0.00000,0.00000,0.00000,0.00000,0.00000,0.00000,0.00000,0.00000,0.00000,0.00000,0.00000,0.00000,0.00000,0.00000,0.00000,0.00000,0.00000,0.00000,0.00000,0.00000,0.00000,0.00000
4-Amino-2(1H)-pyridinone,Aromatic,N-Bearing,0.00000,2.7481310974700607E-3,0.00000,3.2020694091628756E-4,3.8781343146406698E-4,0.00000,1.0691227140623429E-3,1.101192133281367E-3,0.00000,0.00000,0.00000,4.882486142982913E-3,0.00000,0.00000,0.00000,0.00000,0.00000,0.00000,0.00000,0.00000,0.00000,0.00000,4.4530233636519293E-4,0.00000,7.3991916276222266E-4,2.3883161569421042E-2
"Pyrazolo[5,1-c][1,2,4]benzotriazin-8-ol",Aromatic,N-Bearing,1.8203890935490367E-3,2.8781688465617078E-3,0.00000,3.1701550961147364E-3,0.00000,0.00000,0.00000,0.00000,0.00000,5.2427486233103931E-3,2.465582706851174E-3,5.3407129978259357E-3,0.00000,0.00000,0.00000,2.1222542048449141E-3,4.0859609266767141E-3,0.00000,0.00000,0.00000,0.00000,3.3527049157108376E-3,0.00000,5.4785059269393515E-3,2.1171097431635865E-3,1.2693148806125876E-2
N-Isopropyl-4-piperidone,Aromatic,N-Bearing,3.1220144557758131E-3,1.4390844232808475E-2,4.2640991183200425E-3,2.7020785047420911E-3,1.3479760536018678E-2,0.00000,2.0124662852938312E-2,0.00000,0.00000,0.00000,1.0250846890302479E-2,3.8712268771223701E-3,2.2403855035266402E-3,9.1183575864245865E-3,0.00000,8.2005550827987997E-4,0.00000,7.4219090603344379E-3,1.1166156481941856E-2,0.00000,6.0563920458464897E-3,7.0102011873953932E-3,8.3448185760997724E-3,2.235012368204115E-3,2.7586581501828399E-3,5.9624396365617364E-3
N-Butyl-tert-butylamine,Aliphatic,N-Bearing,7.2721243063539342E-4,8.7558751055039283E-3,1.4680894888333691E-3,8.0955974098768956E-4,1.1821822074369331E-2,1.9543695427793142E-3,1.0298167319277013E-2,8.5167106937304434E-4,2.5023608038971011E-3,2.7253971018002488E-3,1.7184364320477954E-2,2.1963287180408529E-3,2.0635129637745445E-3,1.4452352095835744E-2,2.4918763159699196E-3,3.3791231999472614E-3,8.95706728632265E-4,1.6193256131638727E-2,2.0966495540126858E-2,2.7033394548617849E-3,1.7382810883295151E-2,1.8646059424274292E-2,5.4374727436328216E-3,1.8397967665094782E-3,5.2606969375580048E-3,2.3716146453550881E-3
"Acetamide, N-hydroxy",Aliphatic,N-Bearing,0.00000,8.2704008422285116E-4,1.8885975333735833E-3,0.00000,0.00000,0.00000,0.00000,0.00000,0.00000,0.00000,0.00000,1.4584254724832385E-3,0.00000,0.00000,0.00000,0.00000,4.0539141743106228E-3,0.00000,0.00000,0.00000,0.00000,0.00000,0.00000,1.3573611699581065E-3,1.4541763892436681E-3,1.0137817533313637E-3
Diethyltoluamide (DEET),Aromatic,N-Bearing,0.00000,0.00000,1.7705601875377377E-3,0.00000,9.8755464889549167E-4,2.829764233815881E-3,1.3049586068702155E-3,4.4130171633373081E-3,2.3927683599308017E-3,4.1193024897438688E-3,1.0549705400223848E-3,0.00000,1.4307023215503476E-3,3.2134462334984554E-3,2.2911882905226662E-3,1.1043963629095903E-3,2.5156700607382137E-3,1.2767759642253644E-3,2.2883432275224162E-3,2.9751836458534729E-3,2.3315039994260939E-3,4.6973726626536897E-3,8.1332079617113539E-4,0.00000,0.00000,7.4154711446314237E-4
"1H-Tetrazole, 1-methyl-",Aromatic,N-Bearing,4.5273925642670557E-4,5.3575552625756747E-3,0.00000,9.2445126796097845E-5,4.4187664217002496E-3,0.00000,6.3597079093855599E-3,0.00000,0.00000,0.00000,3.4368728640955951E-3,0.00000,0.00000,1.4436040186021051E-3,0.00000,0.00000,0.00000,5.8337243243467506E-4,2.6477688653531693E-3,0.00000,7.4773678561475645E-4,2.9044823333965702E-3,4.7842399774772658E-3,2.0442186294549882E-4,3.6354409731091702E-4,3.5908249912066514E-4
"1H-Pyrrole, 3-methyl-",Aromatic,N-Bearing,1.3676498371223395E-4,0.00000,0.00000,0.00000,0.00000,0.00000,0.00000,0.00000,0.00000,0.00000,0.00000,0.00000,0.00000,0.00000,0.00000,0.00000,0.00000,0.00000,0.00000,0.00000,0.00000,0.00000,0.00000,0.00000,0.00000,1.0020906952204641E-4
"2,5-Furandione, 3-methyl-",Aromatic,N-Bearing,4.9989959563781971E-4,9.7961770982371021E-3,0.00000,5.1062900877015926E-4,1.384018194072506E-2,0.00000,6.414736284374058E-3,0.00000,0.00000,0.00000,4.1391903624107707E-3,0.00000,0.00000,4.5020871088607963E-3,0.00000,0.00000,0.00000,8.646783562599401E-3,7.6557660857948968E-3,0.00000,4.2215397859430934E-3,3.6216384650994285E-3,5.6214819735358138E-3,0.00000,2.5555011546267532E-3,0.00000
5-Dimethylaminopyrimidine,Aromatic,N-Bearing,1.4242422441756726E-3,0.00000,0.00000,0.00000,1.0452220736485135E-3,0.00000,0.00000,0.00000,0.00000,0.00000,0.00000,0.00000,0.00000,0.00000,0.00000,0.00000,0.00000,0.00000,0.00000,0.00000,0.00000,0.00000,5.1246570527977711E-4,0.00000,2.7372732032822096E-4,0.00000
3-Pyridinol,Aromatic,N-Bearing,0.00000,0.00000,0.00000,0.00000,0.00000,0.00000,0.00000,0.00000,0.00000,0.00000,0.00000,1.6748981590815075E-3,0.00000,0.00000,0.00000,0.00000,0.00000,0.00000,0.00000,1.1160714285714268E-3,1.8210563782499693E-3,0.00000,0.00000,1.403696792225759E-3,0.00000,0.00000
4-Pyridinecarbonitrile,Aromatic,N-Bearing,0.00000,0.00000,0.00000,0.00000,0.00000,0.00000,0.00000,0.00000,0.00000,0.00000,0.00000,4.2188472497619288E-4,0.00000,0.00000,0.00000,0.00000,0.00000,0.00000,0.00000,0.00000,0.00000,0.00000,0.00000,7.0184839611287951E-4,0.00000,0.00000
Alpha-amino-gamma-butyrolactone,Aromatic,N-Bearing,0.00000,3.5803726916565646E-3,0.00000,0.00000,0.00000,0.00000,0.00000,0.00000,0.00000,0.00000,0.00000,0.00000,0.00000,0.00000,0.00000,0.00000,0.00000,0.00000,0.00000,0.00000,0.00000,0.00000,0.00000,4.9197528348883404E-4,0.00000,0.00000
"Pyrrolidine, 1-nitroso",Aromatic,N-Bearing,2.6692751993491158E-3,1.2657007578253292E-3,1.4489084201350431E-3,0.00000,3.8493006022641729E-3,0.00000,4.1428505169915893E-3,0.00000,1.2822315944056675E-3,0.00000,0.00000,0.00000,0.00000,0.00000,0.00000,0.00000,0.00000,9.8093763105118947E-4,0.00000,0.00000,0.00000,0.00000,2.1621084513599237E-3,0.00000,0.00000,0.00000
m-Aminophenylacetylene,Aromatic,N-Bearing,0.00000,0.00000,0.00000,0.00000,0.00000,0.00000,0.00000,0.00000,0.00000,0.00000,0.00000,0.00000,0.00000,0.00000,0.00000,0.00000,0.00000,3.7265249687553297E-4,0.00000,0.00000,0.00000,0.00000,9.9364984147604974E-4,0.00000,0.00000,0.00000
3-Methylpyridazine,Aromatic,N-Bearing,0.00000,0.00000,0.00000,0.00000,0.00000,0.00000,2.7671411422790167E-4,0.00000,0.00000,0.00000,0.00000,0.00000,0.00000,0.00000,0.00000,0.00000,0.00000,0.00000,0.00000,0.00000,0.00000,0.00000,0.00000,0.00000,0.00000,0.00000
Pentylenetetrazol,Aromatic,N-Bearing,5.0650204312737671E-4,0.00000,0.00000,0.00000,3.3375022075810912E-4,0.00000,0.00000,0.00000,0.00000,0.00000,0.00000,0.00000,0.00000,0.00000,0.00000,0.00000,0.00000,0.00000,0.00000,0.00000,0.00000,0.00000,0.00000,0.00000,0.00000,0.00000
"1,4-Benzenediamine",Aromatic,N-Bearing,0.00000,3.6410569745660098E-4,0.00000,0.00000,0.00000,0.00000,0.00000,0.00000,0.00000,0.00000,0.00000,0.00000,0.00000,0.00000,0.00000,0.00000,0.00000,0.00000,0.00000,0.00000,0.00000,0.00000,0.00000,0.00000,0.00000,0.00000
"1H-Pyrrole-2-carboxaldehyde, 1-methyl-",Aromatic,N-Bearing,0.00000,7.2561063993136567E-5,0.00000,0.00000,0.00000,0.00000,0.00000,0.00000,0.00000,0.00000,0.00000,0.00000,0.00000,0.00000,0.00000,0.00000,0.00000,0.00000,0.00000,0.00000,0.00000,0.00000,0.00000,0.00000,0.00000,0.00000
"Phenol, 4-methyl-",Aromatic,Phenol,1.1507122767512071E-2,5.3402168960301373E-3,1.397267081331862E-2,1.1063628523353458E-2,4.800813110689018E-3,1.1481921063828488E-3,4.7874686239997612E-3,9.6921404989183963E-3,7.5801440410021867E-4,1.2753194071782798E-3,6.3507433358288012E-3,6.2097639294248479E-3,4.4218134938025823E-3,0.00000,0.00000,2.616760038983543E-3,1.2193789275297948E-2,4.1002154948700589E-3,0.00000,8.3214527353566586E-4,0.00000,0.00000,6.6335327380021387E-3,4.265602873462733E-3,1.5397161768462399E-3,4.8768413834062467E-3
Phenol,Aromatic,Phenol,5.5271917555426838E-3,3.5196884087471359E-3,6.3740166751358436E-3,4.7126802267745986E-3,9.2267879604833979E-3,1.6876795322542226E-3,3.9541818027452871E-3,6.5576610184171283E-3,1.6968563407448267E-3,3.0998791463224093E-3,2.2115529734180297E-3,3.6500139127153683E-3,2.5744780786139481E-3,2.169484005356831E-3,1.572056199336726E-3,1.8131880585082819E-3,7.0502855205402072E-3,1.4947621044589582E-3,2.743615702108031E-3,1.6461676010052194E-3,1.5727305084886063E-3,2.3845441379119932E-3,7.4799751955558101E-3,1.5536061583857877E-3,1.9888000617597264E-3,1.9373753440928925E-3
p-isopropenylphenol,Aromatic,Phenol,0.00000,0.00000,1.450383886957994E-3,0.00000,0.00000,0.00000,0.00000,0.00000,0.00000,0.00000,0.00000,0.00000,0.00000,0.00000,0.00000,0.00000,0.00000,0.00000,0.00000,0.00000,0.00000,0.00000,0.00000,0.00000,0.00000,0.00000
"Benzene, 1,4-dimethoxy-",Aromatic,Phenol+TMAH,3.2069030663558232E-4,1.2483623912797723E-4,3.3935736927806574E-4,3.3297266613554165E-4,1.8381491640025518E-2,0.00000,2.2325797852478362E-4,0.00000,0.00000,0.00000,0.00000,1.3936416757640498E-4,0.00000,0.00000,0.00000,0.00000,2.4515765560060264E-4,5.7714425699943103E-3,4.9001695290925096E-3,0.00000,3.1316651353238034E-3,2.1335394918159936E-3,8.1792102691871042E-3,1.068444936995138E-4,1.6894108051507354E-4,6.7474106811511091E-5
"Benzene, 1-ethyl-4-methoxy-",Aromatic,Phenol+TMAH,5.1310449061693167E-5,0.00000,0.00000,0.00000,0.00000,0.00000,0.00000,0.00000,0.00000,0.00000,0.00000,0.00000,0.00000,0.00000,0.00000,0.00000,0.00000,0.00000,0.00000,0.00000,0.00000,0.00000,0.00000,0.00000,0.00000,0.00000
3-Furaldehyde,Aromatic,Polysaccharide,4.5273925642670444E-3,5.8516987091239328E-2,6.3887713433653246E-3,9.5636558100911147E-3,4.079970301276252E-2,1.9116177090310191E-2,3.600427963533482E-2,5.6090685440549019E-3,4.9316599784833505E-3,4.4937845342660427E-3,3.7058455230248068E-2,8.3586898693784831E-3,3.2033582199547596E-3,3.1481985942396123E-2,9.0142371430052687E-3,6.9024772681849367E-3,1.057542828081031E-2,3.0310453784862204E-2,4.5167821820730467E-2,6.4940556736903139E-3,2.9109310288692621E-2,3.6933540782697033E-2,2.9441476784475513E-2,1.2565130509049966E-2,2.0529549024616532E-2,2.772450923443277E-2
Levoglucosan,Aromatic,Polysaccharide,1.1318481410667611E-2,2.2626568341945874E-2,0.15640,1.6914585915511541E-2,2.4796992643799129E-2,0.15615,2.4841380709095643E-2,0.19034,0.21736,0.14626,0.13344,4.029236137413069E-2,0.15132,0.12283,0.16390,0.12424,6.9220985110758401E-2,5.636498768897321E-2,0.11118,0.19784,0.11782,0.15383,1.9596982984666514E-2,2.5484592247205461E-2,2.2988817918190387E-2,8.6179799788959691E-3
"Benzofuran, 2,3-dihydro-",Aromatic,Polysaccharide,8.0832821407851203E-3,4.022501038568156E-3,2.0066348792094325E-2,1.074448539287211E-2,1.7948985954377859E-2,1.1502279079899104E-2,1.0376779283546281E-2,2.5983185167313152E-2,1.4210486900963135E-2,2.3509150572780687E-2,2.8839846207410792E-3,1.2530134341053191E-2,2.9478756625350547E-2,1.1891382254925789E-2,1.4064885783427516E-2,1.3681328077835217E-2,3.6052596411853331E-3,5.678019938465625E-3,8.2308471063240931E-3,9.8468006959211291E-3,7.1186749331589539E-3,8.6596602903119737E-3,8.1056065772259142E-3,4.1974622524808998E-3,3.6675183934601406E-3,5.4613942889515151E-3
"Furfural, 5-methyl-",Aromatic,Polysaccharide,1.0375274626445311E-3,2.1412882683757208E-2,1.5639948323249986E-3,8.9891981752246853E-4,7.6409337797753128E-3,1.3680586799455217E-3,9.1975998195069318E-3,1.7219015567227366E-3,0.00000,1.2233080121057563E-3,7.1128325361282585E-3,2.117324087895495E-3,1.023895480120509E-3,1.5773616790827488E-3,1.287748163286467E-3,5.5837950438152777E-4,2.5316934369212559E-3,4.2559198807511998E-3,8.9616792365799433E-3,6.192006572588439E-4,4.3319068391703712E-3,4.1236477572914165E-3,6.8451433523905566E-3,1.5536061583857877E-3,7.3778066807215648E-3,3.7745416186637385E-3
"1,2-Cyclohexanedione",Aromatic,Polysaccharide,8.5831817364229396E-4,2.0112505192840777E-2,0.00000,1.5531632350092356E-3,3.5105044818401675E-2,1.8220424383203005E-3,3.5375383921180503E-2,4.1861798325115631E-3,0.00000,0.00000,1.7483222830399291E-2,0.00000,0.00000,9.0857337667951503E-3,1.518539392550795E-3,1.528847203878574E-3,1.325133210337898E-3,7.9305433875461392E-3,1.0291554096553706E-2,0.00000,4.9527215135737688E-3,5.5400311174045548E-3,2.4565232192046756E-2,1.9897061326695172E-3,5.1858496234057387E-3,3.3570038289885465E-3
2H-Pyran-2-one,Aliphatic,Polysaccharide,1.4525384477023437E-4,1.5257762560086107E-2,0.00000,6.5211579661689142E-5,9.0105351176595679E-3,1.5919968567223186E-3,6.8549632842820887E-3,0.00000,1.3516401422509921E-3,4.2857389539759485E-4,1.1670424812428927E-2,1.3035763973983459E-3,1.07499199160445E-3,1.1059474854375424E-2,2.4918763159699165E-3,1.6092044019261002E-3,4.6467790930833179E-4,7.2350637972770412E-3,1.0087879568449616E-2,1.7971921515561569E-3,6.9945119982782744E-3,9.484389841770257E-3,3.9561984429138967E-3,1.0548168127987715E-3,4.3839141146316549E-3,2.0876889483759618E-3
"2(3H)-Furanone, 5-methyl-",Aromatic,Polysaccharide,3.046557913038032E-3,3.6323877912932269E-2,7.6871821475596631E-3,2.5637831482001766E-3,6.523627425185527E-2,2.5040359766859998E-3,5.2434180167616432E-2,1.736336659593466E-3,6.3015655280620579E-3,3.7032113291636834E-3,4.1690762134029072E-2,1.0318004696983271E-3,2.7120456095322504E-3,3.9801059947899758E-2,1.1004393395357082E-2,1.8873639336290753E-3,3.9737972933953898E-3,3.4877782437375694E-2,5.7148676415088681E-2,1.7669872414459691E-3,2.8281557389488097E-2,3.2989182058331332E-2,4.554228440098556E-2,8.5857182437109312E-4,1.4007140219920652E-2,1.7703602282228155E-3
"2-Cyclopenten-1-one, 2-hydroxy-3-methyl-",Aromatic,Polysaccharide,4.7348980567959503E-3,0.00000,3.68866705737028E-3,0.00000,0.00000,0.00000,0.00000,0.00000,1.4173956086307702E-3,2.1844785930459935E-3,8.5473533837507644E-3,8.0268704227679964E-4,1.1909417676641621E-3,0.00000,1.3563165719809413E-3,0.00000,0.00000,0.00000,0.00000,8.6235018364585342E-4,0.00000,0.00000,0.00000,9.2534963293328923E-4,1.764258119302983E-3,1.7536587166358079E-3
"Furan, 2,4-dimethyl-",Aromatic,Polysaccharide,2.0844869931312851E-3,1.9852429694657493E-3,1.4902214911775931E-3,9.2232364709110093E-4,2.4076149834386363E-3,0.00000,3.5296771956911215E-3,1.5259965891914072E-3,0.00000,4.7642437886431663E-4,0.00000,0.00000,0.00000,0.00000,0.00000,0.00000,6.777888125428426E-4,4.5777089449055593E-4,5.29553773070633E-4,0.00000,0.00000,0.00000,1.8400922990297196E-3,7.4818401838052404E-5,1.6038710175481666E-4,1.4647225661805748E-3
"Acetic acid, methylester",Aliphatic,Polysaccharide,9.2151302818518812E-4,2.1326190851029443E-2,0.00000,5.8935098095555928E-4,0.00000,0.00000,0.00000,0.00000,0.00000,0.00000,0.00000,0.00000,0.00000,0.00000,0.00000,0.00000,0.00000,0.00000,0.00000,0.00000,0.00000,0.00000,0.00000,8.3540401323726999E-4,2.5020387873751397E-3,1.3661836478172293E-3
Furfural,Aromatic,Polysaccharide,2.8767806918780178E-3,6.1377817571255479E-4,5.2969258943837217E-3,1.8723063654905855E-3,0.00000,1.5085289908327853E-3,0.00000,3.7118835953304503E-3,2.0274602133764884E-3,1.9660307337413942E-3,0.00000,2.3543379783315579E-3,1.8414396638635642E-3,1.0129695994936783E-3,1.7727442247839676E-3,7.6236316096370943E-4,4.0378907981275733E-3,2.8130592382526225E-4,0.00000,1.3909361105741349E-3,0.00000,1.0058114747132541E-3,0.00000,1.080710248771868E-3,1.4434839157933496E-4,1.2843462410408917E-3
Acetic anhydride,Aliphatic,Polysaccharide,1.0469595304867542E-4,1.0663095425514722E-2,0.00000,9.0104743839234433E-5,2.039985150638126E-2,9.5275515210491699E-4,1.8237975710475283E-2,3.2169657826197233E-4,9.5528080323955265E-4,6.4910221050509516E-4,2.3759251538747753E-2,6.1307592992794935E-4,9.5118121377797758E-4,2.8056484881306385E-2,3.1608364007940557E-3,1.4423086829043149E-3,3.4290025031718277E-4,2.7403971915080899E-2,3.1988881766936435E-2,1.3652619369804754E-3,3.3523992417783442E-2,2.6714065905931349E-2,2.4933250651852701E-2,8.612974492103664E-5,1.272404340588212E-2,9.7369812552254857E-4
2-Acetylfuran,Aromatic,Polysaccharide,3.5558895765180746E-4,4.0745161382048124E-3,0.00000,0.00000,3.8853427427348055E-3,0.00000,3.8912922313298552E-3,0.00000,0.00000,0.00000,0.00000,0.00000,0.00000,8.7431836606861771E-4,0.00000,0.00000,0.00000,8.366515668013334E-4,1.2579897324076126E-3,0.00000,2.2487287095056385E-4,4.1953633704617019E-4,2.5301269111658647E-3,0.00000,5.8808603976766109E-4,1.8872708093318693E-4
2-Furanmethanol,Aromatic,Polysaccharide,2.1316473323424002E-4,8.7558751055039595E-4,0.00000,2.7659071308383645E-4,4.3322652845707195E-3,1.3802734895878926E-3,0.00000,0.00000,0.00000,1.7246978606048842E-4,9.2496708820659487E-4,1.2767148231489253E-3,0.00000,2.8545842175747779E-3,1.7727442247839676E-3,7.664840429148647E-4,4.6948492216324561E-4,2.7922986534684702E-3,2.803519975079822E-3,4.1833800502609698E-4,1.6555057984090592E-3,4.0877899507062738E-3,0.00000,5.6420434172957542E-4,4.2876818535787645E-4,1.6417585890028563E-4
"Benzofuran, 2-methyl-",Aromatic,Polysaccharide,5.5460558912271297E-4,2.9475223127439071E-4,4.1903257771726379E-4,3.1382407830666062E-4,2.3139054182149771E-4,0.00000,2.5234440530442093E-4,0.00000,0.00000,0.00000,0.00000,1.1771689891657789E-4,0.00000,0.00000,0.00000,0.00000,4.1821011837749864E-4,0.00000,0.00000,0.00000,0.00000,0.00000,0.00000,7.3864433144306741E-5,0.00000,1.5098166474654954E-4
2(5H)-Furanone,Aromatic,Polysaccharide,4.6405773783737212E-5,0.00000,2.7296136224540067E-4,0.00000,0.00000,0.00000,0.00000,0.00000,0.00000,0.00000,0.00000,0.00000,0.00000,0.00000,0.00000,0.00000,0.00000,0.00000,0.00000,0.00000,0.00000,0.00000,0.00000,0.00000,2.5448086811764243E-3,0.00000
Methyl 2-furoate,Aromatic,Polysaccharide,7.6588390878850845E-5,5.4182395454851233E-3,0.00000,1.0138113444957545E-4,6.9777583951155682E-4,0.00000,6.2103451772739103E-4,3.5469109910935413E-3,0.00000,0.00000,1.1804911141893536E-3,0.00000,0.00000,7.0956807694001615E-4,0.00000,0.00000,2.2592960418094756E-3,4.8891177166678426E-4,0.00000,0.00000,0.00000,8.0859353849496902E-4,3.4317721376904268E-4,2.1941279956150159E-3,1.1761720795353222E-3,0.00000
"2(5H)-Furanone, 5-methyl-",Aromatic,Polysaccharide,8.3096517689984717E-5,1.8812127701924347E-3,0.00000,0.00000,3.0059145152512316E-3,0.00000,2.3269141423709842E-3,0.00000,0.00000,0.00000,8.4875816817664928E-4,0.00000,0.00000,1.9900529973949877E-3,0.00000,0.00000,0.00000,8.522220053894477E-4,1.1513601265178244E-3,0.00000,4.5112533006646865E-4,5.540031117404555E-4,1.6376821461364503E-3,0.00000,2.7265807298318829E-4,0.00000
"2-Cyclopenten-1-one, 2,3-dimethyl-",Aromatic,Polysaccharide,2.1505114680268464E-3,7.9323026945902206E-4,7.0527314136919757E-4,1.0595551931980812E-3,1.4416856188255308E-3,0.00000,2.295469356663268E-3,0.00000,0.00000,0.00000,0.00000,0.00000,0.00000,0.00000,0.00000,0.00000,1.6824544992198221E-3,2.3978475425695786E-4,3.0910604853444189E-4,0.00000,0.00000,0.00000,6.4955258155749093E-4,0.00000,2.2026495307661485E-4,0.00000
"Cyclopent-2-ene-1-one, 2,3,4-trimethyl-",Aromatic,Polysaccharide,5.5460558912271297E-3,1.404407690189744E-4,7.4806167923469266E-3,6.3509482965788608E-3,6.2857492980793142E-2,3.1962085230870076E-3,4.1428505169915836E-2,5.42347436428838E-3,0.00000,0.00000,2.3609822283787076E-2,5.9885509650178552E-3,0.00000,0.00000,0.00000,0.00000,9.0051374148718104E-3,2.408227834961655E-2,2.48003690103215E-2,0.00000,0.00000,1.1438640300660538E-2,3.2477629077874555E-2,6.0781433915794852E-3,0.00000,0.00000
Acetic acid,Aliphatic,Polysaccharide,0.00000,0.00000,0.00000,0.00000,0.00000,0.00000,0.00000,0.00000,0.00000,0.00000,0.00000,0.00000,0.00000,0.00000,0.00000,0.00000,0.00000,0.00000,0.00000,0.00000,0.00000,0.00000,0.00000,1.8670530149022182E-4,0.00000,0.00000
"4H-Pyran-4-one, 3-hydroxy-2-methyl-",Aromatic,Polysaccharide,4.0746533078403402E-3,8.5911606233212117E-4,0.00000,0.00000,7.2084280941276538E-3,2.809406217745268E-3,7.2794678913362543E-3,3.5469109910935413E-3,2.1370526573427852E-3,2.4965469634811352E-3,1.211871257731096E-3,0.00000,0.00000,7.4871666049532734E-4,2.1406722714372439E-3,0.00000,2.6278336940195315E-3,1.3286774261857405E-3,1.5335493880778513E-3,1.279177943166441E-3,0.00000,3.083771366322277E-4,5.0602538223317294E-3,0.00000,0.00000,0.00000
"2-Cyclopenten-1-one, 2-methyl-",Aromatic,Polysaccharide,1.801524957864595E-3,5.2621942465751522E-3,1.2748033350271687E-3,8.7019693577914704E-4,2.2490295653678281E-3,0.00000,4.1664341062723704E-3,9.485924743622261E-4,0.00000,0.00000,0.00000,0.00000,0.00000,0.00000,0.00000,0.00000,9.6300490860106E-4,7.7229375397046176E-4,0.00000,0.00000,0.00000,0.00000,2.8705439864863624E-3,0.00000,0.00000,0.00000
"2(3H)-Benzofuranone, 3-methyl-",Aromatic,Polysaccharide,3.4992971694647367E-4,0.00000,0.00000,0.00000,5.4135294986898679E-4,0.00000,4.001348981306861E-4,0.00000,0.00000,0.00000,0.00000,0.00000,0.00000,0.00000,0.00000,0.00000,0.00000,0.00000,0.00000,0.00000,0.00000,0.00000,2.6129310646222018E-4,0.00000,0.00000,0.00000
"Furan, 2,5-dimethyl-",Aromatic,Polysaccharide,3.8011233404158725E-4,7.0653843673126014E-4,2.3164829120285357E-4,1.0957247479859676E-4,6.7759224084799939E-4,0.00000,7.3502186591786148E-4,0.00000,0.00000,0.00000,0.00000,0.00000,0.00000,0.00000,0.00000,0.00000,0.00000,0.00000,8.4704641982112563E-4,0.00000,0.00000,0.00000,1.398470147262587E-4,0.00000,0.00000,0.00000
Cyclopentanone,Aromatic,Polysaccharide,0.00000,0.00000,0.00000,0.00000,6.4010841475853567E-3,0.00000,0.00000,0.00000,0.00000,0.00000,0.00000,0.00000,0.00000,4.3879037401578008E-3,0.00000,0.00000,0.00000,4.86835713188369E-3,5.3075185853006888E-3,0.00000,0.00000,5.8268935700856971E-3,0.00000,0.00000,0.00000,0.00000
5-Ethyl-2-furaldehyde,Aromatic,Polysaccharide,0.00000,2.0285888858296301E-3,0.00000,0.00000,2.3427391305914872E-3,0.00000,0.00000,0.00000,0.00000,0.00000,0.00000,0.00000,0.00000,0.00000,0.00000,0.00000,0.00000,0.00000,5.8825996058298831E-4,0.00000,0.00000,0.00000,0.00000,0.00000,0.00000,0.00000
Levoglucosenone,Aromatic,Polysaccharide,0.00000,0.00000,0.00000,0.00000,0.00000,0.00000,0.00000,0.00000,0.00000,0.00000,2.0920095694494873E-3,0.00000,0.00000,0.00000,0.00000,0.00000,0.00000,5.8752454939150719E-4,4.2771650901858826E-4,0.00000,0.00000,0.00000,0.00000,0.00000,0.00000,0.00000
"1,2-Cyclopentanedione, 3-methyl-",Aromatic,Polysaccharide,0.00000,0.00000,0.00000,0.00000,2.0904441472970195E-3,0.00000,0.00000,0.00000,0.00000,0.00000,0.00000,0.00000,0.00000,0.00000,0.00000,0.00000,0.00000,0.00000,0.00000,0.00000,0.00000,0.00000,0.00000,0.00000,0.00000,0.00000
"2-Cyclopenten-1-one, 3-methyl-",Aromatic,Polysaccharide,0.00000,0.00000,0.00000,3.3510028700541728E-4,0.00000,0.00000,0.00000,0.00000,0.00000,0.00000,0.00000,0.00000,0.00000,0.00000,0.00000,0.00000,0.00000,0.00000,0.00000,0.00000,0.00000,0.00000,0.00000,0.00000,0.00000,0.00000
Vinylfuran,Aromatic,Polysaccharide,0.00000,1.4390844232808488E-4,0.00000,0.00000,0.00000,0.00000,0.00000,0.00000,0.00000,0.00000,0.00000,0.00000,0.00000,0.00000,0.00000,0.00000,0.00000,0.00000,0.00000,0.00000,0.00000,0.00000,0.00000,0.00000,0.00000,0.00000
3-Methylindole,Aromatic,Protein,9.5263885206452376E-4,2.4880555992867743E-4,0.00000,9.5955701231392667E-4,0.00000,0.00000,0.00000,0.00000,0.00000,0.00000,0.00000,0.00000,0.00000,0.00000,0.00000,0.00000,0.00000,0.00000,0.00000,0.00000,0.00000,0.00000,8.832443035342619E-4,5.7374402866703202E-4,3.4215915041027595E-4,1.7202556934617923E-3
Indole,Aromatic,Protein,7.7437276984651158E-4,4.3345916363880929E-4,9.280686316343608E-4,3.2765361396085201E-4,6.2064565890439206E-4,1.0545452324580067E-3,5.6679226238158119E-4,1.589923473333206E-3,6.6486082672886806E-4,1.5873877776134194E-3,6.0369419004113755E-4,1.0444412105215816E-3,1.1300190039717746E-3,8.2701382760594702E-4,0.00000,4.0590687218878537E-4,9.037184167237914E-4,0.00000,0.00000,0.00000,0.00000,0.00000,0.00000,5.887349652830366E-4,1.9246452210577947E-4,1.6701511587007762E-3
Ethylbenzene,Aromatic,Protein,1.5562911939667966E-3,0.00000,9.1626489705077759E-4,1.0850866436365892E-3,2.5301582610388066E-4,0.00000,0.00000,1.678596248110548E-3,0.00000,4.6186118824400999E-4,0.00000,1.399962046175678E-4,0.00000,0.00000,0.00000,0.00000,1.5094020364429261E-3,0.00000,0.00000,0.00000,0.00000,0.00000,0.00000,0.00000,0.00000,2.338211622181077E-4
Styrene,Aromatic,Protein,2.2354000786068532E-4,8.8425669382317213E-4,1.2866070696107537E-3,0.00000,1.3696013378842542E-3,0.00000,3.1759233564793163E-3,1.2826619979419665E-3,0.00000,8.7795234882419922E-4,0.00000,0.00000,0.00000,2.9687675862777691E-3,3.8297964856181946E-4,0.00000,0.00000,2.4808898817061877E-3,0.00000,0.00000,1.9452193131306447E-3,8.5520868705565465E-4,3.2385624462923064E-3,0.00000,1.3686366016411021E-4,0.00000
"1H-Pyrrole, 2-methyl-",Aromatic,Protein,0.00000,0.00000,0.00000,0.00000,0.00000,0.00000,0.00000,0.00000,0.00000,0.00000,0.00000,0.00000,0.00000,0.00000,0.00000,0.00000,0.00000,0.00000,0.00000,0.00000,0.00000,0.00000,1.8676936835151654E-3,0.00000,0.00000,0.00000
Benzenepropanenitrile,Aromatic,Protein,0.00000,0.00000,0.00000,0.00000,0.00000,0.00000,0.00000,0.00000,0.00000,0.00000,0.00000,0.00000,0.00000,0.00000,0.00000,0.00000,0.00000,0.00000,0.00000,0.00000,0.00000,0.00000,9.8444937998090317E-4,0.00000,0.00000,0.00000
Benzyl nitrile,Aromatic,Protein,0.00000,6.4845490880366052E-5,0.00000,0.00000,2.3787812710621202E-4,0.00000,0.00000,0.00000,0.00000,0.00000,0.00000,0.00000,0.00000,0.00000,0.00000,0.00000,0.00000,0.00000,0.00000,0.00000,0.00000,0.00000,9.1268578031874006E-4,0.00000,0.00000,0.00000
Pyridine,Aromatic,Protein,0.00000,3.1035676116538719E-3,0.00000,0.00000,0.00000,0.00000,0.00000,0.00000,0.00000,0.00000,0.00000,0.00000,0.00000,0.00000,0.00000,0.00000,0.00000,0.00000,0.00000,0.00000,0.00000,0.00000,8.2620144226434595E-4,0.00000,0.00000,0.00000
Pyrrole,Aromatic,Protein,0.00000,2.1586266349212777E-3,0.00000,0.00000,1.1028894984015354E-3,0.00000,4.8031910168536151E-4,0.00000,0.00000,0.00000,0.00000,0.00000,0.00000,0.00000,0.00000,0.00000,0.00000,2.2110022795122144E-4,0.00000,0.00000,0.00000,0.00000,2.6589333720979384E-4,0.00000,0.00000,0.00000
"1H-Pyrrole, 1-methyl-",Aromatic,Protein,1.2733291587001063E-4,3.5890418749293454E-4,0.00000,0.00000,2.6310762543565935E-3,0.00000,0.00000,0.00000,0.00000,0.00000,0.00000,0.00000,0.00000,0.00000,0.00000,0.00000,0.00000,0.00000,0.00000,0.00000,0.00000,0.00000,0.00000,0.00000,0.00000,0.00000
"Pyridine, 3,5-dimethyl-",Aromatic,Protein,0.00000,6.4932182713093797E-4,0.00000,0.00000,0.00000,0.00000,0.00000,0.00000,0.00000,0.00000,0.00000,0.00000,0.00000,0.00000,0.00000,0.00000,0.00000,0.00000,0.00000,0.00000,0.00000,0.00000,0.00000,0.00000,0.00000,0.00000
"1,2-Benzenediol, 3-methoxy-",Aromatic,Unknown Origin,1.7449325508112568E-2,5.2708634298479278E-3,2.2574642391106112E-2,2.2659162264175834E-2,4.6206024083358258E-3,1.4759561651197966E-2,5.4478091238617981E-3,9.9395994052737611E-3,4.5298210172735956E-3,5.0138984849912799E-3,5.8426838689624979E-3,1.1724287113570578E-2,3.2033582199547596E-3,3.3602534218308811E-3,4.2813445428744878E-3,5.3365421267459658E-3,1.5622791778469775E-2,1.0058503327921738E-3,3.8698160339777029E-3,5.723830465880533E-3,3.6835004014601565E-3,2.6355487840079919E-3,3.7905901360012219E-3,1.0711705618344116E-2,6.6934883799010152E-3,1.7035541818747849E-2
Resorcinol (Dihydroxybenzene),Aromatic,Unknown Origin,1.2921932943845523E-2,2.0892731687390635E-3,4.8395311792698075E-3,8.0955974098769062E-3,0.00000,7.2067376889987309E-3,0.00000,3.8562346240377451E-3,0.00000,0.00000,2.5253544088354525E-3,1.7065000111396528E-2,1.8591269178387744E-3,0.00000,3.1273883965528483E-3,3.482145248726132E-3,1.4164664545812597E-2,2.1279599403755999E-3,8.8778132544194369E-3,4.1531751401507827E-3,3.40758276839198E-3,0.00000,2.2909149122920006E-4,2.0987311262404499E-2,6.2550969684378489E-3,1.6116958681462425E-2
"Benzene, 1,4-dimethoxy-2,3,5,6-tetramethyl-",Aromatic,Unknown Origin,2.3485848927135296E-2,1.5951297221908203E-2,1.1611923896601642E-2,1.1063628523353458E-2,2.039985150638126E-2,7.3085277693518205E-3,1.6036840710935162E-2,2.4539674880240197E-3,5.4978876056425499E-3,3.4327520747865609E-3,1.0714077580680589E-2,8.595703759814546E-3,2.4958680609463461E-3,8.7268717508714629E-3,4.5656525789247475E-3,3.3173099706799249E-3,7.7873608249603189E-3,1.1210715783442186E-2,1.1333888446262871E-2,4.4250193311424707E-3,7.3118172763066772E-3,5.5579600206971261E-3,9.9364984147604866E-3,5.3285965607793246E-3,1.9139527476074784E-2,1.1841371715188455E-2
"Benzoic acid, 4-hydroxy-3,5-dimethoxy-, hydrazide",Aromatic,Unknown Origin,4.8669470065870737E-3,3.2422745440183064E-3,1.7262961828492865E-3,2.6488879829952116E-3,5.4856137796311353E-4,6.3313429979621827E-4,3.0815889993561675E-4,7.38252403960166E-4,7.0869780431538599E-4,0.00000,1.7483222830399273E-3,1.076043062579728E-2,0.00000,5.4808016977435771E-4,4.1810005301508822E-4,6.593411121848283E-4,3.236721988975285E-3,3.4462570741692537E-4,0.00000,9.3182147689928471E-4,3.5593374665794696E-4,0.00000,1.0396521489517906E-4,3.0935841925752131E-3,2.7265807298318913E-3,6.9478288201951866E-3
"Methylparaben (Benzoic acid, 4-hydroxy-, methyl ester )",FAME,Unknown Origin,0.00000,1.1269938254609055E-3,0.00000,6.1594624182900511E-3,3.3086684952045932E-4,8.937169055001252E-4,1.132012285477776E-4,0.00000,0.00000,0.00000,0.00000,2.3227361262734159E-3,0.00000,0.00000,0.00000,0.00000,2.547716813104302E-3,0.00000,0.00000,0.00000,0.00000,0.00000,0.00000,2.6438560940951123E-3,0.00000,3.7912431302507461E-3
2-Naphthalenol,Aromatic,Unknown Origin,0.00000,0.00000,0.00000,0.00000,0.00000,0.00000,0.00000,0.00000,0.00000,0.00000,0.00000,0.00000,0.00000,0.00000,0.00000,0.00000,0.00000,0.00000,0.00000,0.00000,0.00000,0.00000,0.00000,0.00000,6.9608002161590423E-4,2.4384206917031233E-3
"2H-1-Benzopyran-3,4-diol, 2-(3,4-dimethoxyphenyl)",Aromatic,Unknown Origin,2.4334735032935362E-2,1.1009862756425771E-2,1.053483311584952E-2,3.3297266613554165E-2,1.3335591974136161E-3,2.0561596231324065E-2,0.00000,0.00000,0.00000,0.00000,7.5312344500181551E-3,5.3723148498840918E-2,0.00000,0.00000,3.8966924941006083E-3,0.00000,0.00000,1.1937336250887514E-3,2.9832327939951948E-3,6.1618016624782517E-3,2.8143598572954007E-3,0.00000,4.3058159797295439E-4,1.2687783626817266E-2,1.4969462830449554E-2,1.6167063216223445E-3
(ISTD) Ethyl vanillin,Aromatic,Unknown Origin,1.0846878018556461E-2,3.2856204603821789E-3,9.0151022882129644E-3,1.1914676871303724E-2,2.2057789968030622E-3,3.2572825712988617E-3,1.02195553550077E-3,7.4031456151312861E-3,7.9089213729010774E-3,4.0984979317148637E-3,4.5277064253085334E-3,5.0878981813608165E-3,3.675018325960368E-3,3.4255010610897336E-3,2.84308036050259E-3,3.9972554926205302E-3,4.5987089645341799E-3,3.4462570741692644E-3,6.5415466085195851E-3,7.3699980668857521E-3,4.690599762159001E-3,3.9622876276582744E-3,0.00000,4.7970997171210283E-3,3.7102882872614247E-3,1.6116958681462424E-3
"1H-Inden-1-one, 2,3-dihydro-",Aromatic,Unknown Origin,1.952438043340163E-3,0.00000,1.9033522016030642E-3,2.9148405917296615E-3,7.9292709035404198E-4,1.9095819074239576E-3,7.3895246413132601E-4,1.9116200515951818E-3,2.4840953965693914E-4,1.4812845316654734E-3,4.064475734930433E-4,1.1582078779308941E-3,6.5246314664109211E-4,0.00000,0.00000,0.00000,1.922805141965511E-3,2.0760584784152198E-4,5.3314802944894046E-4,0.00000,0.00000,0.00000,5.7594888959630228E-4,9.4851744406711236E-4,0.00000,1.1958282296297509E-3
" Propanoic acid, 2-hydroxy-, methyl ester, ()-",FAME,Unknown Origin,0.00000,5.3315477127573608E-3,0.00000,0.00000,0.00000,0.00000,0.00000,0.00000,0.00000,0.00000,1.0146246411830014E-3,0.00000,0.00000,0.00000,0.00000,0.00000,0.00000,0.00000,0.00000,0.00000,0.00000,0.00000,0.00000,0.00000,4.3839141146316551E-4,4.5094081284920769E-4
Toluene,Aromatic,Unknown Origin,1.8675494327601559E-4,5.9210521753061429E-4,3.850968407894572E-3,2.2978305394657185E-3,2.0904441472970195E-3,0.00000,2.130384231697759E-3,3.6706404442712224E-3,0.00000,1.1671357054274308E-3,0.00000,6.7153935623551154E-4,0.00000,0.00000,0.00000,0.00000,3.5411661364531492E-3,1.8788329229657739E-3,3.2108690312880016E-3,0.00000,0.00000,0.00000,1.8584932220200169E-3,1.8943092632949516E-4,6.3620217029410601E-5,4.0918703388168845E-4
"3-Penten-2-one, (E)-",Aliphatic,Unknown Origin,1.5940194653356888E-4,4.100523688023141E-4,0.00000,0.00000,2.3787812710621259E-4,0.00000,0.00000,0.00000,0.00000,0.00000,8.8462118936721195E-4,0.00000,0.00000,1.9574291777655619E-3,0.00000,0.00000,0.00000,1.775029999045013E-3,3.0910604853444188E-3,0.00000,1.5037511002215622E-3,8.3369400310456896E-4,0.00000,0.00000,1.9353376945081209E-4,3.8914521997727926E-4
Dimethylbenzofuran,Aromatic,Unknown Origin,9.8093505559119294E-4,0.00000,6.6248460350370228E-4,7.1275299140834787E-4,0.00000,0.00000,0.00000,0.00000,0.00000,0.00000,0.00000,3.7132176168316514E-4,0.00000,0.00000,0.00000,0.00000,6.5695842350488288E-4,0.00000,0.00000,0.00000,0.00000,0.00000,0.00000,1.3764405438330222E-4,5.624241034868903E-5,3.1899887131184692E-4
Trimethylphenol,Aromatic,Unknown Origin,1.3487857014378905E-3,0.00000,8.1740861991325402E-4,4.7020421224252201E-4,0.00000,0.00000,0.00000,0.00000,0.00000,0.00000,5.6633687630096839E-4,5.2143055895933837E-4,0.00000,0.00000,0.00000,0.00000,6.2971868399370481E-4,0.00000,0.00000,4.6364537019137825E-4,0.00000,0.00000,0.00000,1.9624498842767842E-4,9.3452217955806492E-5,2.4050176685291077E-4
Vinyl crotonate,Aliphatic,Unknown Origin,0.00000,0.00000,0.00000,0.00000,6.7831308365741225E-3,0.00000,0.00000,0.00000,0.00000,0.00000,1.6586647300635222E-3,0.00000,0.00000,1.0358062732342766E-3,0.00000,0.00000,0.00000,2.8857212849971552E-3,2.743615702108031E-3,0.00000,1.351996402034065E-3,1.4145904697838814E-3,0.00000,0.00000,1.1120172388333954E-3,1.2025088342645538E-4
"1H-Indene, 5,6-dimethoxy-",Aromatic,Unknown Origin,0.00000,0.00000,0.00000,0.00000,0.00000,0.00000,0.00000,0.00000,0.00000,0.00000,0.00000,0.00000,0.00000,0.00000,0.00000,0.00000,0.00000,0.00000,0.00000,0.00000,0.00000,0.00000,0.00000,0.00000,1.7428731724023409E-3,0.00000
"2-Butanone, 3,3-dimethyl-",Aliphatic,Unknown Origin,0.00000,4.1005236880231411E-3,0.00000,0.00000,1.7011890302141262E-3,0.00000,1.3599869818587173E-3,0.00000,0.00000,0.00000,0.00000,0.00000,0.00000,0.00000,0.00000,0.00000,0.00000,3.3943556122088841E-4,3.5103903961469568E-4,0.00000,0.00000,0.00000,1.2236613788547636E-3,0.00000,3.5392087120562872E-4,0.00000
Acenaphthylene,Aromatic,Unknown Origin,0.00000,0.00000,0.00000,2.60633556559769E-4,2.1192778596735301E-4,2.7686901856040322E-4,0.00000,0.00000,0.00000,0.00000,2.3460393028826393E-4,0.00000,0.00000,0.00000,0.00000,0.00000,5.1435037547577418E-4,0.00000,0.00000,0.00000,0.00000,0.00000,0.00000,4.0748091347136007E-4,2.8014280439841305E-4,0.00000
Hydroquinone,Aromatic,Unknown Origin,0.00000,5.9037138087605901E-4,0.00000,0.00000,0.00000,0.00000,0.00000,0.00000,0.00000,0.00000,0.00000,0.00000,0.00000,0.00000,0.00000,0.00000,0.00000,0.00000,0.00000,0.00000,0.00000,0.00000,0.00000,0.00000,2.4271914732228918E-4,0.00000
Pyruvaldehyde,Aliphatic,Unknown Origin,0.00000,2.8608304800161452E-2,0.00000,0.00000,7.1291353850922506E-3,0.00000,0.00000,3.4025599623862457E-3,0.00000,0.00000,3.5265304170719932E-3,0.00000,9.19737206710937E-4,3.197134323683751E-4,6.3216728015881107E-4,0.00000,0.00000,7.2765849668453451E-3,1.1980854594358215E-4,0.00000,1.0305523595096394E-2,1.2729521337725676E-2,3.2385624462923064E-3,0.00000,6.8324905347551883E-5,0.00000
Mequinol,Aromatic,Unknown Origin,3.7162347298358661E-4,0.00000,0.00000,0.00000,0.00000,0.00000,0.00000,0.00000,0.00000,0.00000,0.00000,0.00000,0.00000,0.00000,0.00000,0.00000,0.00000,0.00000,0.00000,0.00000,0.00000,0.00000,0.00000,0.00000,5.5493937207166561E-5,0.00000
"Benzene, 2,4-diisocyanato-1-methyl-",Aromatic,Unknown Origin,0.00000,0.00000,0.00000,0.00000,0.00000,0.00000,0.00000,0.00000,0.00000,0.00000,0.00000,0.00000,4.7952110777236996E-3,0.00000,0.00000,0.00000,0.00000,0.00000,0.00000,0.00000,0.00000,0.00000,0.00000,4.0475528863208836E-4,0.00000,0.00000
1-Undecanol,Aliphatic,Unknown Origin,0.00000,0.00000,0.00000,0.00000,0.00000,0.00000,5.306307588177076E-4,0.00000,0.00000,0.00000,0.00000,0.00000,0.00000,0.00000,0.00000,0.00000,0.00000,0.00000,0.00000,0.00000,0.00000,0.00000,3.6709841365642907E-3,0.00000,0.00000,0.00000
"2-Propenoic acid, ethenyl ester",Aliphatic,Unknown Origin,0.00000,0.00000,0.00000,0.00000,0.00000,0.00000,0.00000,0.00000,0.00000,0.00000,0.00000,0.00000,0.00000,0.00000,0.00000,0.00000,1.3651916507955128E-4,1.2560153794412079E-4,0.00000,0.00000,0.00000,1.2478516691629679E-4,0.00000,0.00000,0.00000,0.00000
"Succinic acid, dimethyl ester",FAME,Unknown Origin,0.00000,0.00000,0.00000,0.00000,0.00000,0.00000,0.00000,0.00000,0.00000,0.00000,0.00000,0.00000,0.00000,0.00000,0.00000,1.6318692526574538E-3,0.00000,0.00000,0.00000,1.1085202010438814E-3,0.00000,0.00000,0.00000,0.00000,0.00000,0.00000
"2,3,5-Trimethylnaphthalene",Aromatic,Unknown Origin,0.00000,0.00000,0.00000,0.00000,0.00000,0.00000,0.00000,0.00000,0.00000,0.00000,0.00000,5.7357361485527213E-3,0.00000,0.00000,0.00000,0.00000,0.00000,0.00000,0.00000,8.8349362072298457E-4,0.00000,0.00000,0.00000,0.00000,0.00000,0.00000
Cyclobut-1-enylmethanol,Aromatic,Unknown Origin,0.00000,0.00000,0.00000,0.00000,0.00000,0.00000,0.00000,0.00000,0.00000,0.00000,0.00000,0.00000,0.00000,0.00000,0.00000,0.00000,0.00000,0.00000,3.0551179215613446E-3,0.00000,0.00000,0.00000,0.00000,0.00000,0.00000,0.00000
"1,2,3-Benzenetriol",Aromatic,Unknown Origin,0.00000,0.00000,0.00000,0.00000,0.00000,0.00000,0.00000,0.00000,0.00000,0.00000,0.00000,0.00000,0.00000,0.00000,0.00000,0.00000,0.00000,0.00000,9.6445879484583625E-4,0.00000,0.00000,0.00000,0.00000,0.00000,0.00000,0.00000
2-Cyclohexen-1-one,Aromatic,Unknown Origin,0.00000,0.00000,0.00000,0.00000,0.00000,0.00000,0.00000,0.00000,0.00000,0.00000,0.00000,0.00000,0.00000,0.00000,0.00000,0.00000,0.00000,4.5569483601214073E-4,4.0615097074874341E-4,0.00000,0.00000,0.00000,0.00000,0.00000,0.00000,0.00000
C9_H8,other,Unknown Origin,2.3391528248713064E-3,0.00000,1.251195865859999E-3,1.9999636176831251E-3,0.00000,0.00000,0.00000,6.1452295078248556E-4,0.00000,0.00000,0.00000,2.6387546468548335E-4,0.00000,0.00000,0.00000,0.00000,7.258589410919804E-4,0.00000,0.00000,0.00000,0.00000,0.00000,0.00000,0.00000,0.00000,0.00000
"Ethanone, 1-(3-hydroxy-4-methoxyphenyl)-",Aromatic,Unknown Origin,0.00000,0.00000,0.00000,0.00000,0.00000,0.00000,0.00000,0.00000,0.00000,0.00000,0.00000,0.00000,0.00000,0.00000,0.00000,0.00000,3.0284180985956795E-4,0.00000,0.00000,0.00000,0.00000,0.00000,0.00000,0.00000,0.00000,0.00000
"1,3,5-Cycloheptatriene",Aromatic,Unknown Origin,0.00000,1.0142944429148151E-3,0.00000,0.00000,6.1632060204791441E-4,0.00000,0.00000,0.00000,0.00000,0.00000,0.00000,1.0381208401099554E-3,0.00000,0.00000,0.00000,0.00000,0.00000,0.00000,0.00000,0.00000,0.00000,0.00000,0.00000,0.00000,0.00000,0.00000
2-Pentanone,Aliphatic,Unknown Origin,1.9147097719712711E-3,0.00000,0.00000,1.4786965045635874E-3,0.00000,0.00000,0.00000,0.00000,0.00000,0.00000,0.00000,0.00000,0.00000,0.00000,0.00000,0.00000,0.00000,0.00000,0.00000,0.00000,0.00000,0.00000,0.00000,0.00000,0.00000,0.00000
(ISTD) 3-Ethoxy-4-methoxybenzaldehyde,Aromatic,Unknown Origin,0.00000,0.00000,4.0427790948778268E-3,0.00000,0.00000,0.00000,0.00000,0.00000,0.00000,0.00000,0.00000,0.00000,0.00000,0.00000,0.00000,0.00000,0.00000,0.00000,0.00000,0.00000,0.00000,0.00000,0.00000,0.00000,0.00000,0.00000
7-Methylindan-1-one,Aromatic,Unknown Origin,1.924141839813494E-3,0.00000,7.9822755121492851E-4,0.00000,0.00000,0.00000,0.00000,0.00000,0.00000,0.00000,0.00000,0.00000,0.00000,0.00000,0.00000,0.00000,0.00000,0.00000,0.00000,0.00000,0.00000,0.00000,0.00000,0.00000,0.00000,0.00000
D-Limonene,Aromatic,Unknown Origin,0.00000,1.4910995229175061E-4,0.00000,0.00000,0.00000,0.00000,0.00000,0.00000,0.00000,0.00000,0.00000,0.00000,0.00000,0.00000,0.00000,0.00000,0.00000,0.00000,0.00000,0.00000,0.00000,0.00000,0.00000,0.00000,0.00000,0.00000
"Spiro[2.4]hepta-4,6-diene",Aromatic,Unknown Origin,2.7352996742446727E-3,0.00000,0.00000,0.00000,0.00000,0.00000,0.00000,0.00000,0.00000,0.00000,0.00000,0.00000,0.00000,0.00000,0.00000,0.00000,0.00000,0.00000,0.00000,0.00000,0.00000,0.00000,0.00000,0.00000,0.00000,0.00000
4-Hydroxy-2-methylacetophenone,Aromatic,Unknown Origin,3.4332726945691754E-4,0.00000,0.00000,0.00000,0.00000,0.00000,0.00000,0.00000,0.00000,0.00000,0.00000,0.00000,0.00000,0.00000,0.00000,0.00000,0.00000,0.00000,0.00000,0.00000,0.00000,0.00000,0.00000,0.00000,0.00000,0.00000
Indane,Aromatic,Unknown Origin,2.1033511288157312E-4,0.00000,0.00000,0.00000,0.00000,0.00000,0.00000,0.00000,0.00000,0.00000,0.00000,0.00000,0.00000,0.00000,0.00000,0.00000,0.00000,0.00000,0.00000,0.00000,0.00000,0.00000,0.00000,0.00000,0.00000,0.00000
